nama_produk,harga_produk,nama_penjual,kota_toko,total_terjual,rating
,,,,10 terjual,5.0
,,,,8 rb+ terjual,4.9
,,,,250+ terjual,4.9
Gelifood Seblak Instan Kerupuk Mawar Bumbu Kencur Rafael Pedas Gurih,Rp13.000,Lidigeli,Kab. Garut,250+ terjual,4.8
Geli Food Seblak Ceker Tanpa Tulang Super Pedas 180gr,Rp22.500,Lidigeli,Kab. Garut,40+ terjual,5.0
seblak instan jeletot jajanan hits bandung 1 porsi,Rp4.180,tokomakanankalimantan,Jakarta Barat,1rb+ terjual,4.8
KERUPUK SEBLAK MENTAH ANEKA WARNA,Rp11.500,jajanangarut19,Jakarta Selatan,250+ terjual,4.9
KERUPUK SEBLAK MENTAH 1KG WARNA WARNI,Rp23.500,BociKakang,Jakarta Selatan,250+ terjual,5.0
SEBLAK INSTANT TERMURAH,Rp3.999,Pusat Cuankie & Cemilan Frozen,Jakarta Timur,10rb+ terjual,4.8
"Seblak Rafael, Seblak Coet Instan Halal",Rp25.000,Brother Meat Shop,Depok,250+ terjual,4.9
Seblak Instan Pedas Home Made,Rp3.500,the Dhecip,Tangerang Selatan,2rb+ terjual,4.8
Seblak pedas kerupuk pedas kiloan 1 kg,Rp35.000,RIKI STORE 97,Kab. Bogor,100+ terjual,4.8
"seblak ceker 500 gr pedas daun jeruk, gurih,cemilan bikin nagih",Rp17.499,aghniya,Tangerang Selatan,50+ terjual,4.9
SEBLAK INSTANT TERMURAH,Rp3.999,Pusat Cuankie & Cemilan Frozen,Jakarta Timur,10rb+ terjual,4.8
"Seblak Rafael, Seblak Coet Instan Halal",Rp25.000,Brother Meat Shop,Depok,250+ terjual,4.9
Seblak Instan Pedas Home Made,Rp3.500,the Dhecip,Tangerang Selatan,2rb+ terjual,4.8
Seblak instan yoi enak dan kenyang,Rp7.500,SeblakYoi,Bekasi,250+ terjual,5.0
SEBLAK INSTAN MAMANG TERMURAH,Rp4.000,global cookware1,Jakarta Barat,100+ terjual,4.9
KERUPUK SEBLAK PEDAS / KRUPUK SEBLAK KERING DAUN JERUK PEDES,Rp25.000,LEGIT SNACK,Jakarta Barat,40+ terjual,5.0
"siomay kering bandung 500 gr. untuk baso aci, seblak ,mie ayam dll",Rp14.999,aghniya,Tangerang Selatan,750+ terjual,4.9
SEBRING KRUPUK KERUPUK SEBLAK KERING PEDAS DAUN JERUK 1KG CABE ASLI,Rp16.000,Aydaa Snack,Surakarta,70+ terjual,4.9
Kerupuk Seblak kering pedas RIKI,Rp8.800,Van Kios,Bandung,1rb+ terjual,4.9
Makanan Kering Kerupuk Seblak Pedas 100 gram,Rp5.000,BLIBET,Jakarta Barat,8 terjual,5.0
"Seblak Rafael, Seblak Coet Instan Halal",Rp25.000,Brother Meat Shop,Depok,250+ terjual,4.9
Seblak RAFAEL | Seblak MAMANG RAFAEL | Seblak Viral ORIGINAL TATANGGA,Rp39.000,Beauty DELUXE,Jakarta Barat,16 terjual,5.0
SAMBAL SEBLAK BY MAMANG RAFAEL ORIGINAL HALAL VIRAALLL,Rp38.900,Beauty DELUXE,Jakarta Barat,9 terjual,5.0
Kerupuk Seblak Rafael Mawar Kecil Mentah 500 Gr / Seblak Viral YONGKI,Rp12.000,insanprimastore,Tangerang Selatan,21 terjual,5.0
Kerupuk SEBLAK MAWAR Rafael - Cikruh Daun Jeruk,Rp20.000,KRIUK JAYA,Jakarta Barat,30+ terjual,4.9
SEBLAK INSTANT TERMURAH,Rp3.999,Pusat Cuankie & Cemilan Frozen,Jakarta Timur,10rb+ terjual,4.8
"Seblak Rafael, Seblak Coet Instan Halal",Rp25.000,Brother Meat Shop,Depok,250+ terjual,4.9
Seblak Instan Pedas Home Made,Rp3.500,the Dhecip,Tangerang Selatan,2rb+ terjual,4.8
Seblak instan yoi enak dan kenyang,Rp7.500,SeblakYoi,Bekasi,250+ terjual,5.0
SEBLAK INSTAN MAMANG TERMURAH,Rp4.000,global cookware1,Jakarta Barat,100+ terjual,4.9
Seblak Instan Pedas Home Made,Rp3.500,the Dhecip,Tangerang Selatan,2rb+ terjual,4.8
Gelifood Seblak Instan Kerupuk Mawar Bumbu Kencur Rafael Pedas Gurih,Rp13.000,Lidigeli,Kab. Garut,250+ terjual,4.8
"keripik beling/kaca 1/2 kg. bumbu seblak daun jeruk enak, gurih, pedas",Rp25.999,aghniya,Tangerang Selatan,250+ terjual,4.9
Seblak pedas kerupuk pedas kiloan 1 kg,Rp35.000,RIKI STORE 97,Kab. Bogor,100+ terjual,4.8
Gelifood Combo 3pcs Seblak Instan Kerupuk Mawar Kencur Pedas Rafael,Rp35.000,Lidigeli,Kab. Garut,100+ terjual,4.9
,,,,,
,,,,,
,,,,,
BELI 3 SEBLAK FREE 1 KEJU AROMA,Rp64.000,Sajodo Snack & Food,Tasikmalaya,12 terjual,5.0
KERUPUK PEDAS KRIWIL BANTAT ISI 250gr KRITING SEMBRING SEBLAK MAWAR,Rp17.248,AHR Jaya Snack,Jakarta Timur,50+ terjual,5.0
"Seblak Instant ""mBak'Well""",Rp15.000,Welly Mart,Tangerang Selatan,100+ terjual,5.0
KERUPUK SEBLAK PEDAS DAUN JERUK 100 GR,Rp4.500,BociKakang,Jakarta Selatan,500+ terjual,4.8
Seblak Rempah Autentik isi 5 pcs,Rp45.000,Kylafood Jakarta,Jakarta Selatan,40+ terjual,5.0
cuanki lidah khas garut 50 pcs enak untuk baso aci dan seblak ( BRY ),Rp15.999,aghniya,Tangerang Selatan,500+ terjual,4.9
Seblak beton extra pedas daun jeruk 500gram,Rp25.500,Seblak Guludug Bandung,Kab. Bandung,10 terjual,5.0
KERUPUK JABLAY SEBLAK PELANGI 250 GRAM,Rp13.300,G Cakery,Jakarta Pusat,100+ terjual,4.9
KERUPUK SEBLAK PEDAS DAUN JERUK 100 GR,Rp4.500,BociKakang,Jakarta Selatan,500+ terjual,4.8
KERUPUK SEBLAK PEDAS KENCUR / SEMBRING SEBLAK KERITING BANTET 500 GRAM,Rp32.100,TOKO KUE MEISYA,Jakarta Pusat,40+ terjual,5.0
SEBLAK INSTANT TERMURAH,Rp3.999,Pusat Cuankie & Cemilan Frozen,Jakarta Timur,10rb+ terjual,4.8
"Seblak Rafael, Seblak Coet Instan Halal",Rp25.000,Brother Meat Shop,Depok,250+ terjual,4.9
Seblak Instan Pedas Home Made,Rp3.500,the Dhecip,Tangerang Selatan,2rb+ terjual,4.8
Seblak instan yoi enak dan kenyang,Rp7.500,SeblakYoi,Bekasi,250+ terjual,5.0
SEBLAK INSTAN MAMANG TERMURAH,Rp4.000,global cookware1,Jakarta Barat,100+ terjual,4.9
KERUPUK SEBLAK PEDAS / KRUPUK SEBLAK KERING DAUN JERUK PEDES,Rp25.000,LEGIT SNACK,Jakarta Barat,40+ terjual,5.0
"siomay kering bandung 500 gr. untuk baso aci, seblak ,mie ayam dll",Rp14.999,aghniya,Tangerang Selatan,750+ terjual,4.9
SEBRING KRUPUK KERUPUK SEBLAK KERING PEDAS DAUN JERUK 1KG CABE ASLI,Rp16.000,Aydaa Snack,Surakarta,70+ terjual,4.9
Kerupuk Seblak kering pedas RIKI,Rp8.800,Van Kios,Bandung,1rb+ terjual,4.9
Makanan Kering Kerupuk Seblak Pedas 100 gram,Rp5.000,BLIBET,Jakarta Barat,8 terjual,5.0
"Seblak Rafael, Seblak Coet Instan Halal",Rp25.000,Brother Meat Shop,Depok,250+ terjual,4.9
Seblak RAFAEL | Seblak MAMANG RAFAEL | Seblak Viral ORIGINAL TATANGGA,Rp39.000,Beauty DELUXE,Jakarta Barat,16 terjual,5.0
SAMBAL SEBLAK BY MAMANG RAFAEL ORIGINAL HALAL VIRAALLL,Rp38.900,Beauty DELUXE,Jakarta Barat,9 terjual,5.0
Kerupuk Seblak Rafael Mawar Kecil Mentah 500 Gr / Seblak Viral YONGKI,Rp12.000,insanprimastore,Tangerang Selatan,21 terjual,5.0
Kerupuk SEBLAK MAWAR Rafael - Cikruh Daun Jeruk,Rp20.000,KRIUK JAYA,Jakarta Barat,30+ terjual,4.9
SEBLAK INSTANT TERMURAH,Rp3.999,Pusat Cuankie & Cemilan Frozen,Jakarta Timur,10rb+ terjual,4.8
"Seblak Rafael, Seblak Coet Instan Halal",Rp25.000,Brother Meat Shop,Depok,250+ terjual,4.9
Seblak Instan Pedas Home Made,Rp3.500,the Dhecip,Tangerang Selatan,2rb+ terjual,4.8
Seblak instan yoi enak dan kenyang,Rp7.500,SeblakYoi,Bekasi,250+ terjual,5.0
SEBLAK INSTAN MAMANG TERMURAH,Rp4.000,global cookware1,Jakarta Barat,100+ terjual,4.9
Seblak Instan Pedas Home Made,Rp3.500,the Dhecip,Tangerang Selatan,2rb+ terjual,4.8
Gelifood Seblak Instan Kerupuk Mawar Bumbu Kencur Rafael Pedas Gurih,Rp13.000,Lidigeli,Kab. Garut,250+ terjual,4.8
"keripik beling/kaca 1/2 kg. bumbu seblak daun jeruk enak, gurih, pedas",Rp25.999,aghniya,Tangerang Selatan,250+ terjual,4.9
Seblak pedas kerupuk pedas kiloan 1 kg,Rp35.000,RIKI STORE 97,Kab. Bogor,100+ terjual,4.8
Gelifood Combo 3pcs Seblak Instan Kerupuk Mawar Kencur Pedas Rafael,Rp35.000,Lidigeli,Kab. Garut,100+ terjual,4.9
,,,,250+ terjual,4.9
,,,,750+ terjual,4.8
,,,,250+ terjual,4.8
KERUPUK / KRUPUK SEBLAK RASA PEDAS / TERLARIS / KILOAN 500 GR,Rp31.164,Toko kue Sumber Mas,Jakarta Timur,100+ terjual,4.8
Baso urat djuara sami raos/Baso Aci Urat /Seblak,Rp26.000,Snackzone KK,Jakarta Selatan,8 terjual,5.0
Paket Isi 6 Cuanki Instan Lakoca | Latagor | Seblak | Makaroni,Rp93.840,Lakoca Official Shop,Cimahi,40+ terjual,4.8
Seblak Koin,Rp17.500,Official Kartika Sari,Bandung,500+ terjual,5.0
cuanki tahu kering seblak isi 50 pcs toping seblak baso aci,Rp12.500,CUANKI CULAMETAN,Kab. Garut,250+ terjual,4.9
seblak super hot isi 24 pcs ,Rp10.800,Toko JJ Cleon,Palembang,15 terjual,4.8
Seblak Mommy,Rp13.900,Gerai Snack Official Shop,Kab. Tangerang,2rb+ terjual,4.6
Kerupuk SEBLAK MAWAR Rafael - Cikruh Daun Jeruk ( 1 KG ),Rp79.000,KRIUK JAYA,Jakarta Barat,7 terjual,5.0
Kerupuk Seblak viral /Kerupuk Mawar Mentah 500gram,Rp15.000,Bumbukeluargakita,Jakarta Barat,11 terjual,4.0
SEBLAK JELETET MURNI ( BOHAYY),Rp34.000,Seblak Jeletet Murni,Jakarta Pusat,750+ terjual,4.8
SEBLAK INSTANT TERMURAH,Rp3.999,Pusat Cuankie & Cemilan Frozen,Jakarta Timur,10rb+ terjual,4.8
"Seblak Rafael, Seblak Coet Instan Halal",Rp25.000,Brother Meat Shop,Depok,250+ terjual,4.9
Seblak Instan Pedas Home Made,Rp3.500,the Dhecip,Tangerang Selatan,2rb+ terjual,4.8
Seblak instan yoi enak dan kenyang,Rp7.500,SeblakYoi,Bekasi,250+ terjual,5.0
SEBLAK INSTAN MAMANG TERMURAH,Rp4.000,global cookware1,Jakarta Barat,100+ terjual,4.9
KERUPUK SEBLAK PEDAS / KRUPUK SEBLAK KERING DAUN JERUK PEDES,Rp25.000,LEGIT SNACK,Jakarta Barat,40+ terjual,5.0
"siomay kering bandung 500 gr. untuk baso aci, seblak ,mie ayam dll",Rp14.999,aghniya,Tangerang Selatan,750+ terjual,4.9
SEBRING KRUPUK KERUPUK SEBLAK KERING PEDAS DAUN JERUK 1KG CABE ASLI,Rp16.000,Aydaa Snack,Surakarta,70+ terjual,4.9
Kerupuk Seblak kering pedas RIKI,Rp8.800,Van Kios,Bandung,1rb+ terjual,4.9
Makanan Kering Kerupuk Seblak Pedas 100 gram,Rp5.000,BLIBET,Jakarta Barat,8 terjual,5.0
"Seblak Rafael, Seblak Coet Instan Halal",Rp25.000,Brother Meat Shop,Depok,250+ terjual,4.9
Seblak RAFAEL | Seblak MAMANG RAFAEL | Seblak Viral ORIGINAL TATANGGA,Rp39.000,Beauty DELUXE,Jakarta Barat,16 terjual,5.0
SAMBAL SEBLAK BY MAMANG RAFAEL ORIGINAL HALAL VIRAALLL,Rp38.900,Beauty DELUXE,Jakarta Barat,9 terjual,5.0
Kerupuk Seblak Rafael Mawar Kecil Mentah 500 Gr / Seblak Viral YONGKI,Rp12.000,insanprimastore,Tangerang Selatan,21 terjual,5.0
Kerupuk SEBLAK MAWAR Rafael - Cikruh Daun Jeruk,Rp20.000,KRIUK JAYA,Jakarta Barat,30+ terjual,4.9
SEBLAK INSTANT TERMURAH,Rp3.999,Pusat Cuankie & Cemilan Frozen,Jakarta Timur,10rb+ terjual,4.8
"Seblak Rafael, Seblak Coet Instan Halal",Rp25.000,Brother Meat Shop,Depok,250+ terjual,4.9
Seblak Instan Pedas Home Made,Rp3.500,the Dhecip,Tangerang Selatan,2rb+ terjual,4.8
Seblak instan yoi enak dan kenyang,Rp7.500,SeblakYoi,Bekasi,250+ terjual,5.0
SEBLAK INSTAN MAMANG TERMURAH,Rp4.000,global cookware1,Jakarta Barat,100+ terjual,4.9
Seblak Instan Pedas Home Made,Rp3.500,the Dhecip,Tangerang Selatan,2rb+ terjual,4.8
Gelifood Seblak Instan Kerupuk Mawar Bumbu Kencur Rafael Pedas Gurih,Rp13.000,Lidigeli,Kab. Garut,250+ terjual,4.8
"keripik beling/kaca 1/2 kg. bumbu seblak daun jeruk enak, gurih, pedas",Rp25.999,aghniya,Tangerang Selatan,250+ terjual,4.9
Seblak pedas kerupuk pedas kiloan 1 kg,Rp35.000,RIKI STORE 97,Kab. Bogor,100+ terjual,4.8
Gelifood Combo 3pcs Seblak Instan Kerupuk Mawar Kencur Pedas Rafael,Rp35.000,Lidigeli,Kab. Garut,100+ terjual,4.9
Kerupuk Seblak Jeruk,Rp14.000,oke snack,Jakarta Selatan,250+ terjual,4.9
Kylafood Seblak Rempah Autentik isi (5pcs),Rp45.235,kylafood,Bandung,100+ terjual,4.6
SEBLAK ACI JAGUAR BASO ACI BAKSO ACI NIKMAT BELI 5 GRATIS 1 - SeblakAci Sosis,Rp10.000,Uai Food,Surabaya,30+ terjual,4.4
Kylafood Mix Fav Selebgram Seblak Original & Batagor kuah,Rp32.500,kylafood,Bandung,50+ terjual,4.4
Seblak Cup Instan Komplit Original - Pedas Gurih Spesial,Rp12.600,indieshop786,Kab. Garut,,
KERUPUK SEBLAK JABLAY PELANGI 1KG,Rp46.560,Golden Cakery,Jakarta Pusat,30+ terjual,5.0
Bumbu Seblak 200 g Dengan Kerupuk,Rp34.980,MSH Rempah,Jakarta Selatan,80+ terjual,5.0
BASRENG 1 KG SEBLAK DAUN JERUK PURUT SUPER PEDAS ORIGINAL SUPER RENYAH,Rp51.771,Grosir Besar Kalimantan,Banjarbaru,16 terjual,5.0
Seblak Bantat Boboko Pedas Daun Jeruk Level 13 Khas Bandung 200g,Rp18.700,Gerai Snack Official Shop,Kab. Tangerang,100+ terjual,4.7
KERUPUK SEBLAK 250gr / KRUPUK SEBLAK DAUN JERUK / SEBLAK PEDAS,Rp12.500,Dapur Sehat21,Kab. Bandung,100+ terjual,4.9
SEBLAK INSTANT TERMURAH,Rp3.999,Pusat Cuankie & Cemilan Frozen,Jakarta Timur,10rb+ terjual,4.8
"Seblak Rafael, Seblak Coet Instan Halal",Rp25.000,Brother Meat Shop,Depok,250+ terjual,4.9
Seblak Instan Pedas Home Made,Rp3.500,the Dhecip,Tangerang Selatan,2rb+ terjual,4.8
Seblak instan yoi enak dan kenyang,Rp7.500,SeblakYoi,Bekasi,250+ terjual,5.0
SEBLAK INSTAN MAMANG TERMURAH,Rp4.000,global cookware1,Jakarta Barat,100+ terjual,4.9
KERUPUK SEBLAK PEDAS / KRUPUK SEBLAK KERING DAUN JERUK PEDES,Rp25.000,LEGIT SNACK,Jakarta Barat,40+ terjual,5.0
"siomay kering bandung 500 gr. untuk baso aci, seblak ,mie ayam dll",Rp14.999,aghniya,Tangerang Selatan,750+ terjual,4.9
SEBRING KRUPUK KERUPUK SEBLAK KERING PEDAS DAUN JERUK 1KG CABE ASLI,Rp16.000,Aydaa Snack,Surakarta,70+ terjual,4.9
Kerupuk Seblak kering pedas RIKI,Rp8.800,Van Kios,Bandung,1rb+ terjual,4.9
Makanan Kering Kerupuk Seblak Pedas 100 gram,Rp5.000,BLIBET,Jakarta Barat,8 terjual,5.0
"Seblak Rafael, Seblak Coet Instan Halal",Rp25.000,Brother Meat Shop,Depok,250+ terjual,4.9
Seblak RAFAEL | Seblak MAMANG RAFAEL | Seblak Viral ORIGINAL TATANGGA,Rp39.000,Beauty DELUXE,Jakarta Barat,16 terjual,5.0
SAMBAL SEBLAK BY MAMANG RAFAEL ORIGINAL HALAL VIRAALLL,Rp38.900,Beauty DELUXE,Jakarta Barat,9 terjual,5.0
Kerupuk Seblak Rafael Mawar Kecil Mentah 500 Gr / Seblak Viral YONGKI,Rp12.000,insanprimastore,Tangerang Selatan,21 terjual,5.0
Kerupuk SEBLAK MAWAR Rafael - Cikruh Daun Jeruk,Rp20.000,KRIUK JAYA,Jakarta Barat,30+ terjual,4.9
SEBLAK INSTANT TERMURAH,Rp3.999,Pusat Cuankie & Cemilan Frozen,Jakarta Timur,10rb+ terjual,4.8
"Seblak Rafael, Seblak Coet Instan Halal",Rp25.000,Brother Meat Shop,Depok,250+ terjual,4.9
Seblak Instan Pedas Home Made,Rp3.500,the Dhecip,Tangerang Selatan,2rb+ terjual,4.8
Seblak instan yoi enak dan kenyang,Rp7.500,SeblakYoi,Bekasi,250+ terjual,5.0
SEBLAK INSTAN MAMANG TERMURAH,Rp4.000,global cookware1,Jakarta Barat,100+ terjual,4.9
Seblak Instan Pedas Home Made,Rp3.500,the Dhecip,Tangerang Selatan,2rb+ terjual,4.8
Gelifood Seblak Instan Kerupuk Mawar Bumbu Kencur Rafael Pedas Gurih,Rp13.000,Lidigeli,Kab. Garut,250+ terjual,4.8
"keripik beling/kaca 1/2 kg. bumbu seblak daun jeruk enak, gurih, pedas",Rp25.999,aghniya,Tangerang Selatan,250+ terjual,4.9
Seblak pedas kerupuk pedas kiloan 1 kg,Rp35.000,RIKI STORE 97,Kab. Bogor,100+ terjual,4.8
Gelifood Combo 3pcs Seblak Instan Kerupuk Mawar Kencur Pedas Rafael,Rp35.000,Lidigeli,Kab. Garut,100+ terjual,4.9
,,,,750+ terjual,4.8
,,,,500+ terjual,4.6
,,,,250+ terjual,4.9
Kylafood Seblak Tulang Rawan,Rp24.500,kylafood,Bandung,8rb+ terjual,4.9
Basranger Baso Aci Cuanki Extra Pedas 200gr - Makanan Instan Premium,Rp23.400,Rak Sebelah,Jakarta Pusat,100+ terjual,4.9
Kylafood Seblak Rempah Autentik isi (20 pcs),Rp216.630,kylafood,Bandung,10 terjual,5.0
seblak instan om brewok,Rp14.000,Muysproduct,Kab. Bogor,2 terjual,5.0
PAKET HEMAT (2 Seblak original - Seblak Karuhun - Cireng Bumbu Rujak),Rp56.250,kylafood,Bandung,750+ terjual,4.9
aneka kerupuk mix untuk bahan seblak 500 gr,Rp14.999,aghniya,Tangerang Selatan,100+ terjual,5.0
kerupuk seblak pedas 1 kg / kerupuk seblak,Rp35.625,Adila_Putri_Snack,Kab.Ciamis,100+ terjual,4.8
KRUPUK / KERUPUK MENTAH / KERUPUK SEBLAK MENTAH 1kg POCO / PUYUR,Rp21.000,SuperSnacksShop,Kab. Bandung,90+ terjual,4.8
kerupuk mix 250 gram campuran seblak,Rp7.399,ArfaOnlineShop,Tangerang,70+ terjual,5.0
SEBRING CAMPUR/ Seblak kering Bumbu kacang/ varian pedas-original,Rp20.000,KailaAini_collection,Kab. Bandung,60+ terjual,5.0
SEBLAK INSTANT TERMURAH,Rp3.999,Pusat Cuankie & Cemilan Frozen,Jakarta Timur,10rb+ terjual,4.8
"Seblak Rafael, Seblak Coet Instan Halal",Rp25.000,Brother Meat Shop,Depok,250+ terjual,4.9
Seblak Instan Pedas Home Made,Rp3.500,the Dhecip,Tangerang Selatan,2rb+ terjual,4.8
Seblak instan yoi enak dan kenyang,Rp7.500,SeblakYoi,Bekasi,250+ terjual,5.0
SEBLAK INSTAN MAMANG TERMURAH,Rp4.000,global cookware1,Jakarta Barat,100+ terjual,4.9
KERUPUK SEBLAK PEDAS / KRUPUK SEBLAK KERING DAUN JERUK PEDES,Rp25.000,LEGIT SNACK,Jakarta Barat,40+ terjual,5.0
"siomay kering bandung 500 gr. untuk baso aci, seblak ,mie ayam dll",Rp14.999,aghniya,Tangerang Selatan,750+ terjual,4.9
SEBRING KRUPUK KERUPUK SEBLAK KERING PEDAS DAUN JERUK 1KG CABE ASLI,Rp16.000,Aydaa Snack,Surakarta,70+ terjual,4.9
Kerupuk Seblak kering pedas RIKI,Rp8.800,Van Kios,Bandung,1rb+ terjual,4.9
Makanan Kering Kerupuk Seblak Pedas 100 gram,Rp5.000,BLIBET,Jakarta Barat,8 terjual,5.0
"Seblak Rafael, Seblak Coet Instan Halal",Rp25.000,Brother Meat Shop,Depok,250+ terjual,4.9
Seblak RAFAEL | Seblak MAMANG RAFAEL | Seblak Viral ORIGINAL TATANGGA,Rp39.000,Beauty DELUXE,Jakarta Barat,16 terjual,5.0
SAMBAL SEBLAK BY MAMANG RAFAEL ORIGINAL HALAL VIRAALLL,Rp38.900,Beauty DELUXE,Jakarta Barat,9 terjual,5.0
Kerupuk Seblak Rafael Mawar Kecil Mentah 500 Gr / Seblak Viral YONGKI,Rp12.000,insanprimastore,Tangerang Selatan,21 terjual,5.0
Kerupuk SEBLAK MAWAR Rafael - Cikruh Daun Jeruk,Rp20.000,KRIUK JAYA,Jakarta Barat,30+ terjual,4.9
SEBLAK INSTANT TERMURAH,Rp3.999,Pusat Cuankie & Cemilan Frozen,Jakarta Timur,10rb+ terjual,4.8
"Seblak Rafael, Seblak Coet Instan Halal",Rp25.000,Brother Meat Shop,Depok,250+ terjual,4.9
Seblak Instan Pedas Home Made,Rp3.500,the Dhecip,Tangerang Selatan,2rb+ terjual,4.8
Seblak instan yoi enak dan kenyang,Rp7.500,SeblakYoi,Bekasi,250+ terjual,5.0
SEBLAK INSTAN MAMANG TERMURAH,Rp4.000,global cookware1,Jakarta Barat,100+ terjual,4.9
Seblak Instan Pedas Home Made,Rp3.500,the Dhecip,Tangerang Selatan,2rb+ terjual,4.8
Gelifood Seblak Instan Kerupuk Mawar Bumbu Kencur Rafael Pedas Gurih,Rp13.000,Lidigeli,Kab. Garut,250+ terjual,4.8
"keripik beling/kaca 1/2 kg. bumbu seblak daun jeruk enak, gurih, pedas",Rp25.999,aghniya,Tangerang Selatan,250+ terjual,4.9
Seblak pedas kerupuk pedas kiloan 1 kg,Rp35.000,RIKI STORE 97,Kab. Bogor,100+ terjual,4.8
Gelifood Combo 3pcs Seblak Instan Kerupuk Mawar Kencur Pedas Rafael,Rp35.000,Lidigeli,Kab. Garut,100+ terjual,4.9
,,,,7 terjual,
,,,,18 terjual,
,,,,12 terjual,
Gelifood Seblak Instan Kerupuk Mawar Bumbu Kencur Rafael Pedas Gurih,Rp13.000,Lidigeli,Kab. Garut,250+ terjual,4.8
Geli Food Seblak Ceker Tanpa Tulang Super Pedas 180gr,Rp22.500,Lidigeli,Kab. Garut,40+ terjual,5.0
seblak instan jeletot jajanan hits bandung 1 porsi,Rp4.180,tokomakanankalimantan,Jakarta Barat,1rb+ terjual,4.8
KERUPUK SEBLAK MENTAH ANEKA WARNA,Rp11.500,jajanangarut19,Jakarta Selatan,250+ terjual,4.9
KERUPUK SEBLAK MENTAH 1KG WARNA WARNI,Rp23.500,BociKakang,Jakarta Selatan,250+ terjual,5.0
Mie Seblak Geprek Sami Raos Khas Garut Seblak Instant Kekinian 160gr,Rp20.000,Gerai Snack Official Shop,Kab. Tangerang,100+ terjual,4.8
Sukro pilus Cikur Sari rasa 1 renceng 10bks - toping seblak - baso aci,Rp6.000,Distributor Cuanki dan Seblak,Kab. Bekasi,80+ terjual,4.4
Seblak,Rp12.000,anto frozen food,Tangerang,50+ terjual,4.9
"cuanki lidah BARAYA 500 pcs enak, renyah, special seblak, baso aci dll",Rp139.999,aghniya,Tangerang Selatan,50+ terjual,4.8
cuanki/cuankie lidah 100 pcs termurah khas Garut baso Aci/seblak boci,Rp32.999,ArfaOnlineShop,Tangerang,23 terjual,5.0
SEBLAK INSTANT TERMURAH,Rp3.999,Pusat Cuankie & Cemilan Frozen,Jakarta Timur,10rb+ terjual,4.8
"Seblak Rafael, Seblak Coet Instan Halal",Rp25.000,Brother Meat Shop,Depok,250+ terjual,4.9
Seblak Instan Pedas Home Made,Rp3.500,the Dhecip,Tangerang Selatan,2rb+ terjual,4.8
Seblak instan yoi enak dan kenyang,Rp7.500,SeblakYoi,Bekasi,250+ terjual,5.0
SEBLAK INSTAN MAMANG TERMURAH,Rp4.000,global cookware1,Jakarta Barat,100+ terjual,4.9
KERUPUK SEBLAK PEDAS / KRUPUK SEBLAK KERING DAUN JERUK PEDES,Rp25.000,LEGIT SNACK,Jakarta Barat,40+ terjual,5.0
"siomay kering bandung 500 gr. untuk baso aci, seblak ,mie ayam dll",Rp14.999,aghniya,Tangerang Selatan,750+ terjual,4.9
SEBRING KRUPUK KERUPUK SEBLAK KERING PEDAS DAUN JERUK 1KG CABE ASLI,Rp16.000,Aydaa Snack,Surakarta,70+ terjual,4.9
Kerupuk Seblak kering pedas RIKI,Rp8.800,Van Kios,Bandung,1rb+ terjual,4.9
Makanan Kering Kerupuk Seblak Pedas 100 gram,Rp5.000,BLIBET,Jakarta Barat,8 terjual,5.0
"Seblak Rafael, Seblak Coet Instan Halal",Rp25.000,Brother Meat Shop,Depok,250+ terjual,4.9
Seblak RAFAEL | Seblak MAMANG RAFAEL | Seblak Viral ORIGINAL TATANGGA,Rp39.000,Beauty DELUXE,Jakarta Barat,16 terjual,5.0
SAMBAL SEBLAK BY MAMANG RAFAEL ORIGINAL HALAL VIRAALLL,Rp38.900,Beauty DELUXE,Jakarta Barat,9 terjual,5.0
Kerupuk Seblak Rafael Mawar Kecil Mentah 500 Gr / Seblak Viral YONGKI,Rp12.000,insanprimastore,Tangerang Selatan,21 terjual,5.0
Kerupuk SEBLAK MAWAR Rafael - Cikruh Daun Jeruk,Rp20.000,KRIUK JAYA,Jakarta Barat,30+ terjual,4.9
SEBLAK INSTANT TERMURAH,Rp3.999,Pusat Cuankie & Cemilan Frozen,Jakarta Timur,10rb+ terjual,4.8
"Seblak Rafael, Seblak Coet Instan Halal",Rp25.000,Brother Meat Shop,Depok,250+ terjual,4.9
Seblak Instan Pedas Home Made,Rp3.500,the Dhecip,Tangerang Selatan,2rb+ terjual,4.8
Seblak instan yoi enak dan kenyang,Rp7.500,SeblakYoi,Bekasi,250+ terjual,5.0
SEBLAK INSTAN MAMANG TERMURAH,Rp4.000,global cookware1,Jakarta Barat,100+ terjual,4.9
Seblak Instan Pedas Home Made,Rp3.500,the Dhecip,Tangerang Selatan,2rb+ terjual,4.8
Gelifood Seblak Instan Kerupuk Mawar Bumbu Kencur Rafael Pedas Gurih,Rp13.000,Lidigeli,Kab. Garut,250+ terjual,4.8
"keripik beling/kaca 1/2 kg. bumbu seblak daun jeruk enak, gurih, pedas",Rp25.999,aghniya,Tangerang Selatan,250+ terjual,4.9
Seblak pedas kerupuk pedas kiloan 1 kg,Rp35.000,RIKI STORE 97,Kab. Bogor,100+ terjual,4.8
Gelifood Combo 3pcs Seblak Instan Kerupuk Mawar Kencur Pedas Rafael,Rp35.000,Lidigeli,Kab. Garut,100+ terjual,4.9
,,,,90+ terjual,
,,,,100+ terjual,
,,,,100+ terjual,
Kerupuk seblak putih,Rp18.000,Snackzone KK,Jakarta Selatan,25 terjual,5.0
Yasnack Kerupuk Seblak Rafael Pedas Cikruh Gurih 500 gr,Rp28.900,YasnackID,Bandung,11 terjual,5.0
Kerupuk seblak - cemilan murah kaleastores,Rp13.500,kaleastores,Kab. Banyuwangi,,
kerupuk seblak pedas 1 kg - 1/2 kg,Rp25.500,Bintang Snack & Camilan,Semarang,100+ terjual,5.0
"1kg kerupuk seblak pedas daun jeruk / seblak extra pedas daun jeruk - extra pedas jrk, 1 kg",Rp39.000,bluengemil_94,Kab.Ciamis,80+ terjual,5.0
Seblak Putri 80 gr,Rp12.500,King Fresh Mart,Jakarta Barat,16 terjual,5.0
Muria Snack Seblak Stick Cabe Merah x 10pcs (Bisa Same Day Delivery),Rp55.000,Merbabu Food,Tangerang Selatan,5 terjual,5.0
CUANKI/CUANKIE SIOMAY SPECIAL KHAS GARUT ISI 50 PCS BASO ACI & SEBLAK,Rp17.999,ArfaOnlineShop,Tangerang,18 terjual,5.0
[TERMURAH!!] Seblak Instant Basranger Extra Pedas 200gram,Rp13.790,duniacemilan,Bandung,100+ terjual,4.9
cuanki/cuankie lidah isi 100 pcs baso Aci/boci/seblak,Rp32.999,ArfaOnlineShop,Tangerang,60+ terjual,4.9
SEBLAK INSTANT TERMURAH,Rp3.999,Pusat Cuankie & Cemilan Frozen,Jakarta Timur,10rb+ terjual,4.8
"Seblak Rafael, Seblak Coet Instan Halal",Rp25.000,Brother Meat Shop,Depok,250+ terjual,4.9
Seblak Instan Pedas Home Made,Rp3.500,the Dhecip,Tangerang Selatan,2rb+ terjual,4.8
Seblak instan yoi enak dan kenyang,Rp7.500,SeblakYoi,Bekasi,250+ terjual,5.0
SEBLAK INSTAN MAMANG TERMURAH,Rp4.000,global cookware1,Jakarta Barat,100+ terjual,4.9
KERUPUK SEBLAK PEDAS / KRUPUK SEBLAK KERING DAUN JERUK PEDES,Rp25.000,LEGIT SNACK,Jakarta Barat,40+ terjual,5.0
"siomay kering bandung 500 gr. untuk baso aci, seblak ,mie ayam dll",Rp14.999,aghniya,Tangerang Selatan,750+ terjual,4.9
SEBRING KRUPUK KERUPUK SEBLAK KERING PEDAS DAUN JERUK 1KG CABE ASLI,Rp16.000,Aydaa Snack,Surakarta,70+ terjual,4.9
Kerupuk Seblak kering pedas RIKI,Rp8.800,Van Kios,Bandung,1rb+ terjual,4.9
Makanan Kering Kerupuk Seblak Pedas 100 gram,Rp5.000,BLIBET,Jakarta Barat,8 terjual,5.0
"Seblak Rafael, Seblak Coet Instan Halal",Rp25.000,Brother Meat Shop,Depok,250+ terjual,4.9
Seblak RAFAEL | Seblak MAMANG RAFAEL | Seblak Viral ORIGINAL TATANGGA,Rp39.000,Beauty DELUXE,Jakarta Barat,16 terjual,5.0
SAMBAL SEBLAK BY MAMANG RAFAEL ORIGINAL HALAL VIRAALLL,Rp38.900,Beauty DELUXE,Jakarta Barat,9 terjual,5.0
Kerupuk Seblak Rafael Mawar Kecil Mentah 500 Gr / Seblak Viral YONGKI,Rp12.000,insanprimastore,Tangerang Selatan,21 terjual,5.0
Kerupuk SEBLAK MAWAR Rafael - Cikruh Daun Jeruk,Rp20.000,KRIUK JAYA,Jakarta Barat,30+ terjual,4.9
SEBLAK INSTANT TERMURAH,Rp3.999,Pusat Cuankie & Cemilan Frozen,Jakarta Timur,10rb+ terjual,4.8
"Seblak Rafael, Seblak Coet Instan Halal",Rp25.000,Brother Meat Shop,Depok,250+ terjual,4.9
Seblak Instan Pedas Home Made,Rp3.500,the Dhecip,Tangerang Selatan,2rb+ terjual,4.8
Seblak instan yoi enak dan kenyang,Rp7.500,SeblakYoi,Bekasi,250+ terjual,5.0
SEBLAK INSTAN MAMANG TERMURAH,Rp4.000,global cookware1,Jakarta Barat,100+ terjual,4.9
Seblak Instan Pedas Home Made,Rp3.500,the Dhecip,Tangerang Selatan,2rb+ terjual,4.8
Gelifood Seblak Instan Kerupuk Mawar Bumbu Kencur Rafael Pedas Gurih,Rp13.000,Lidigeli,Kab. Garut,250+ terjual,4.8
"keripik beling/kaca 1/2 kg. bumbu seblak daun jeruk enak, gurih, pedas",Rp25.999,aghniya,Tangerang Selatan,250+ terjual,4.9
Seblak pedas kerupuk pedas kiloan 1 kg,Rp35.000,RIKI STORE 97,Kab. Bogor,100+ terjual,4.8
Gelifood Combo 3pcs Seblak Instan Kerupuk Mawar Kencur Pedas Rafael,Rp35.000,Lidigeli,Kab. Garut,100+ terjual,4.9
,,,,100+ terjual,
,,,,6 terjual,
Siomay mini 250 gram gurilem murah toping seblak boci,Rp8.000,CuankiCulametan,Kab. Garut,100+ terjual,4.9
SEBLAK KERING PEDAS DAUN JERUK,Rp4.500,BociKakang,Jakarta Selatan,750+ terjual,4.6
Cuanki Pangsit kering Segitiga Cipet isi 100 toping seblak baso aci,Rp31.500,CuankiCulametan,Kab. Garut,40+ terjual,4.6
kerupuk seblak gangkampung - 250gr,Rp7.000,cemilanindonesia22,Kab. Garut,,
cuanki siomay mini gurilem 1 ons toping seblak baso aci,Rp3.000,CuankiCulametan,Kab. Garut,60+ terjual,4.9
Toping Seblak Baso Aci PAKET MIX 150pcs Cuanki Lidah Siomay dan Baso T,Rp77.280,Onesupp Acc,Jakarta Barat,6 terjual,5.0
Gelifood Combo 3pcs Seblak Ceker Tanpa Tulang Super Pedas,Rp60.000,Lidigeli,Kab. Garut,24 terjual,4.2
Kerupuk Seblak Kering Sebring Pedas Daun Jeruk 100gr,Rp4.500,Pedas Gilaa,Surabaya,500+ terjual,4.9
Kerupuk Seblak | Cemilan Pedas | Cemilan Kering 150gr,Rp9.256,vieka mart official,Tangerang Selatan,30+ terjual,4.9
"Toping Seblak Baso Aci PAKET MIX 150pcs Cuanki Lidah, Siomay dan Baso",Rp42.500,gaiagarut,Kab. Garut,250+ terjual,4.8
SEBLAK INSTANT TERMURAH,Rp3.999,Pusat Cuankie & Cemilan Frozen,Jakarta Timur,10rb+ terjual,4.8
"Seblak Rafael, Seblak Coet Instan Halal",Rp25.000,Brother Meat Shop,Depok,250+ terjual,4.9
Seblak Instan Pedas Home Made,Rp3.500,the Dhecip,Tangerang Selatan,2rb+ terjual,4.8
Seblak instan yoi enak dan kenyang,Rp7.500,SeblakYoi,Bekasi,250+ terjual,5.0
SEBLAK INSTAN MAMANG TERMURAH,Rp4.000,global cookware1,Jakarta Barat,100+ terjual,4.9
KERUPUK SEBLAK PEDAS / KRUPUK SEBLAK KERING DAUN JERUK PEDES,Rp25.000,LEGIT SNACK,Jakarta Barat,40+ terjual,5.0
"siomay kering bandung 500 gr. untuk baso aci, seblak ,mie ayam dll",Rp14.999,aghniya,Tangerang Selatan,750+ terjual,4.9
SEBRING KRUPUK KERUPUK SEBLAK KERING PEDAS DAUN JERUK 1KG CABE ASLI,Rp16.000,Aydaa Snack,Surakarta,70+ terjual,4.9
Kerupuk Seblak kering pedas RIKI,Rp8.800,Van Kios,Bandung,1rb+ terjual,4.9
Makanan Kering Kerupuk Seblak Pedas 100 gram,Rp5.000,BLIBET,Jakarta Barat,8 terjual,5.0
"Seblak Rafael, Seblak Coet Instan Halal",Rp25.000,Brother Meat Shop,Depok,250+ terjual,4.9
Seblak RAFAEL | Seblak MAMANG RAFAEL | Seblak Viral ORIGINAL TATANGGA,Rp39.000,Beauty DELUXE,Jakarta Barat,16 terjual,5.0
SAMBAL SEBLAK BY MAMANG RAFAEL ORIGINAL HALAL VIRAALLL,Rp38.900,Beauty DELUXE,Jakarta Barat,9 terjual,5.0
Kerupuk Seblak Rafael Mawar Kecil Mentah 500 Gr / Seblak Viral YONGKI,Rp12.000,insanprimastore,Tangerang Selatan,21 terjual,5.0
Kerupuk SEBLAK MAWAR Rafael - Cikruh Daun Jeruk,Rp20.000,KRIUK JAYA,Jakarta Barat,30+ terjual,4.9
SEBLAK INSTANT TERMURAH,Rp3.999,Pusat Cuankie & Cemilan Frozen,Jakarta Timur,10rb+ terjual,4.8
"Seblak Rafael, Seblak Coet Instan Halal",Rp25.000,Brother Meat Shop,Depok,250+ terjual,4.9
Seblak Instan Pedas Home Made,Rp3.500,the Dhecip,Tangerang Selatan,2rb+ terjual,4.8
Seblak instan yoi enak dan kenyang,Rp7.500,SeblakYoi,Bekasi,250+ terjual,5.0
SEBLAK INSTAN MAMANG TERMURAH,Rp4.000,global cookware1,Jakarta Barat,100+ terjual,4.9
Seblak Instan Pedas Home Made,Rp3.500,the Dhecip,Tangerang Selatan,2rb+ terjual,4.8
Gelifood Seblak Instan Kerupuk Mawar Bumbu Kencur Rafael Pedas Gurih,Rp13.000,Lidigeli,Kab. Garut,250+ terjual,4.8
"keripik beling/kaca 1/2 kg. bumbu seblak daun jeruk enak, gurih, pedas",Rp25.999,aghniya,Tangerang Selatan,250+ terjual,4.9
Seblak pedas kerupuk pedas kiloan 1 kg,Rp35.000,RIKI STORE 97,Kab. Bogor,100+ terjual,4.8
Gelifood Combo 3pcs Seblak Instan Kerupuk Mawar Kencur Pedas Rafael,Rp35.000,Lidigeli,Kab. Garut,100+ terjual,4.9
,,,,750+ terjual,
,,,,250+ terjual,
,,,,100+ terjual,
Gelifood Seblak Instan Kerupuk Mawar Bumbu Kencur Rafael Pedas Gurih,Rp13.000,Lidigeli,Kab. Garut,250+ terjual,4.8
Geli Food Seblak Ceker Tanpa Tulang Super Pedas 180gr,Rp22.500,Lidigeli,Kab. Garut,40+ terjual,5.0
seblak instan jeletot jajanan hits bandung 1 porsi,Rp4.180,tokomakanankalimantan,Jakarta Barat,1rb+ terjual,4.8
KERUPUK SEBLAK MENTAH ANEKA WARNA,Rp11.500,jajanangarut19,Jakarta Selatan,250+ terjual,4.9
KERUPUK SEBLAK MENTAH 1KG WARNA WARNI,Rp23.500,BociKakang,Jakarta Selatan,250+ terjual,5.0
Kerupuk Bawang Warna Putih Dan Orange 500Gram Seblak Nasi Uduk Dll,Rp11.000,Distributor-Jaya,Tangerang,100+ terjual,4.9
Seblak Geprek,Rp19.000,kappa center,Tangerang,20 terjual,5.0
Siomay Cuankie Kering Cuangki Baso Bakso Aci Seblak,Rp8.000,Celikafood,Bandung,60+ terjual,4.9
Seblak Mercon Komplit Khas Tasik 150gr,Rp9.500,Al Dien Mart,Tangerang,21 terjual,4.6
Nyemil Saji - Seblak Instan Siap Saji,Rp16.365,Nyemil Saji Jepara,Kab. Sleman,23 terjual,4.9
SEBLAK INSTANT TERMURAH,Rp3.999,Pusat Cuankie & Cemilan Frozen,Jakarta Timur,10rb+ terjual,4.8
"Seblak Rafael, Seblak Coet Instan Halal",Rp25.000,Brother Meat Shop,Depok,250+ terjual,4.9
Seblak Instan Pedas Home Made,Rp3.500,the Dhecip,Tangerang Selatan,2rb+ terjual,4.8
Seblak instan yoi enak dan kenyang,Rp7.500,SeblakYoi,Bekasi,250+ terjual,5.0
SEBLAK INSTAN MAMANG TERMURAH,Rp4.000,global cookware1,Jakarta Barat,100+ terjual,4.9
KERUPUK SEBLAK PEDAS / KRUPUK SEBLAK KERING DAUN JERUK PEDES,Rp25.000,LEGIT SNACK,Jakarta Barat,40+ terjual,5.0
"siomay kering bandung 500 gr. untuk baso aci, seblak ,mie ayam dll",Rp14.999,aghniya,Tangerang Selatan,750+ terjual,4.9
SEBRING KRUPUK KERUPUK SEBLAK KERING PEDAS DAUN JERUK 1KG CABE ASLI,Rp16.000,Aydaa Snack,Surakarta,70+ terjual,4.9
Kerupuk Seblak kering pedas RIKI,Rp8.800,Van Kios,Bandung,1rb+ terjual,4.9
Makanan Kering Kerupuk Seblak Pedas 100 gram,Rp5.000,BLIBET,Jakarta Barat,8 terjual,5.0
"Seblak Rafael, Seblak Coet Instan Halal",Rp25.000,Brother Meat Shop,Depok,250+ terjual,4.9
Seblak RAFAEL | Seblak MAMANG RAFAEL | Seblak Viral ORIGINAL TATANGGA,Rp39.000,Beauty DELUXE,Jakarta Barat,16 terjual,5.0
SAMBAL SEBLAK BY MAMANG RAFAEL ORIGINAL HALAL VIRAALLL,Rp38.900,Beauty DELUXE,Jakarta Barat,9 terjual,5.0
Kerupuk Seblak Rafael Mawar Kecil Mentah 500 Gr / Seblak Viral YONGKI,Rp12.000,insanprimastore,Tangerang Selatan,21 terjual,5.0
Kerupuk SEBLAK MAWAR Rafael - Cikruh Daun Jeruk,Rp20.000,KRIUK JAYA,Jakarta Barat,30+ terjual,4.9
SEBLAK INSTANT TERMURAH,Rp3.999,Pusat Cuankie & Cemilan Frozen,Jakarta Timur,10rb+ terjual,4.8
"Seblak Rafael, Seblak Coet Instan Halal",Rp25.000,Brother Meat Shop,Depok,250+ terjual,4.9
Seblak Instan Pedas Home Made,Rp3.500,the Dhecip,Tangerang Selatan,2rb+ terjual,4.8
Seblak instan yoi enak dan kenyang,Rp7.500,SeblakYoi,Bekasi,250+ terjual,5.0
SEBLAK INSTAN MAMANG TERMURAH,Rp4.000,global cookware1,Jakarta Barat,100+ terjual,4.9
Seblak Instan Pedas Home Made,Rp3.500,the Dhecip,Tangerang Selatan,2rb+ terjual,4.8
Gelifood Seblak Instan Kerupuk Mawar Bumbu Kencur Rafael Pedas Gurih,Rp13.000,Lidigeli,Kab. Garut,250+ terjual,4.8
"keripik beling/kaca 1/2 kg. bumbu seblak daun jeruk enak, gurih, pedas",Rp25.999,aghniya,Tangerang Selatan,250+ terjual,4.9
Seblak pedas kerupuk pedas kiloan 1 kg,Rp35.000,RIKI STORE 97,Kab. Bogor,100+ terjual,4.8
Gelifood Combo 3pcs Seblak Instan Kerupuk Mawar Kencur Pedas Rafael,Rp35.000,Lidigeli,Kab. Garut,100+ terjual,4.9
,,,,100+ terjual,
,,,,250+ terjual,
,,,,100+ terjual,
KERUPUK PEDAS KRIWIL BANTAT ISI 250gr KRITING SEMBRING SEBLAK MAWAR,Rp17.248,AHR Jaya Snack,Jakarta Timur,50+ terjual,5.0
"Seblak Instant ""mBak'Well""",Rp15.000,Welly Mart,Tangerang Selatan,100+ terjual,5.0
KERUPUK SEBLAK PEDAS DAUN JERUK 100 GR,Rp4.500,BociKakang,Jakarta Selatan,500+ terjual,4.8
MASJAY Seblak Bumbu Membara Instant - No.1 Street Food Bandung,Rp15.000,Lidigeli,Kab. Garut,100+ terjual,4.9
KERUPUK MENTAH KERUPUK SEBLAK MENTAH 500 GR - Mawar Warna,Rp12.500,BociKakang,Jakarta Selatan,100+ terjual,4.9
Seblak Ceker pedas daun jeruk 250 gram,Rp13.000,Markas Makaroni,Kab. Bekasi,60+ terjual,4.9
Seblak Stik 250gram,Rp10.000,Hosana Snack,Bogor,250+ terjual,4.9
kerupuk seblak bantet kering 1kg (matang),Rp46.000,arsensnack,Kab. Bekasi,6 terjual,5.0
Kerupuk Seblak Mawar Kriwil Pedas 60gr ANABA,Rp2.881,Siaga Lapak,Malang,16 terjual,5.0
Seblak Mommy Instan Rasa Original Kemasan Cup,Rp11.550,Beuki Mart,Bandung,14 terjual,5.0
SEBLAK INSTANT TERMURAH,Rp3.999,Pusat Cuankie & Cemilan Frozen,Jakarta Timur,10rb+ terjual,4.8
"Seblak Rafael, Seblak Coet Instan Halal",Rp25.000,Brother Meat Shop,Depok,250+ terjual,4.9
Seblak Instan Pedas Home Made,Rp3.500,the Dhecip,Tangerang Selatan,2rb+ terjual,4.8
Seblak instan yoi enak dan kenyang,Rp7.500,SeblakYoi,Bekasi,250+ terjual,5.0
SEBLAK INSTAN MAMANG TERMURAH,Rp4.000,global cookware1,Jakarta Barat,100+ terjual,4.9
KERUPUK SEBLAK PEDAS / KRUPUK SEBLAK KERING DAUN JERUK PEDES,Rp25.000,LEGIT SNACK,Jakarta Barat,40+ terjual,5.0
"siomay kering bandung 500 gr. untuk baso aci, seblak ,mie ayam dll",Rp14.999,aghniya,Tangerang Selatan,750+ terjual,4.9
SEBRING KRUPUK KERUPUK SEBLAK KERING PEDAS DAUN JERUK 1KG CABE ASLI,Rp16.000,Aydaa Snack,Surakarta,70+ terjual,4.9
Kerupuk Seblak kering pedas RIKI,Rp8.800,Van Kios,Bandung,1rb+ terjual,4.9
Makanan Kering Kerupuk Seblak Pedas 100 gram,Rp5.000,BLIBET,Jakarta Barat,8 terjual,5.0
"Seblak Rafael, Seblak Coet Instan Halal",Rp25.000,Brother Meat Shop,Depok,250+ terjual,4.9
Seblak RAFAEL | Seblak MAMANG RAFAEL | Seblak Viral ORIGINAL TATANGGA,Rp39.000,Beauty DELUXE,Jakarta Barat,16 terjual,5.0
SAMBAL SEBLAK BY MAMANG RAFAEL ORIGINAL HALAL VIRAALLL,Rp38.900,Beauty DELUXE,Jakarta Barat,9 terjual,5.0
Kerupuk Seblak Rafael Mawar Kecil Mentah 500 Gr / Seblak Viral YONGKI,Rp12.000,insanprimastore,Tangerang Selatan,21 terjual,5.0
Kerupuk SEBLAK MAWAR Rafael - Cikruh Daun Jeruk,Rp20.000,KRIUK JAYA,Jakarta Barat,30+ terjual,4.9
SEBLAK INSTANT TERMURAH,Rp3.999,Pusat Cuankie & Cemilan Frozen,Jakarta Timur,10rb+ terjual,4.8
"Seblak Rafael, Seblak Coet Instan Halal",Rp25.000,Brother Meat Shop,Depok,250+ terjual,4.9
Seblak Instan Pedas Home Made,Rp3.500,the Dhecip,Tangerang Selatan,2rb+ terjual,4.8
Seblak instan yoi enak dan kenyang,Rp7.500,SeblakYoi,Bekasi,250+ terjual,5.0
SEBLAK INSTAN MAMANG TERMURAH,Rp4.000,global cookware1,Jakarta Barat,100+ terjual,4.9
Seblak Instan Pedas Home Made,Rp3.500,the Dhecip,Tangerang Selatan,2rb+ terjual,4.8
Gelifood Seblak Instan Kerupuk Mawar Bumbu Kencur Rafael Pedas Gurih,Rp13.000,Lidigeli,Kab. Garut,250+ terjual,4.8
"keripik beling/kaca 1/2 kg. bumbu seblak daun jeruk enak, gurih, pedas",Rp25.999,aghniya,Tangerang Selatan,250+ terjual,4.9
Seblak pedas kerupuk pedas kiloan 1 kg,Rp35.000,RIKI STORE 97,Kab. Bogor,100+ terjual,4.8
Gelifood Combo 3pcs Seblak Instan Kerupuk Mawar Kencur Pedas Rafael,Rp35.000,Lidigeli,Kab. Garut,100+ terjual,4.9
